{
	"cat_a": {
		"b1": 25.07574,
		"b2": -2.11566,
		"b3": -0.59932,
		"b4": 0.116767,
		"b5": 0.039056,
		"b6": 0.050199,
		"b7": -0.00141,
		"b8": -0.00039,
		"b9": -0.000059,
		"b10": -0.00064,
		"c1": 0.3273,
		"c2": 1.5682
	},
	"cat_b": {
		"b1": 17.93732,
		"b2": -0.57469,
		"b3": -0.54205,
		"b4": 0.033473,
		"b5": 0.035014,
		"b6": 0.051678,
		"b7": -0.000038,
		"b8": -0.00026,
		"b9": -0.00013,
		"b10": -0.00066,
		"c1": 0.3196,
		"c2": 2.3207
	},
	"cat_c": {
		"b1": 10.92654714,
		"b2": 0.73222558,
		"b3": -0.49426303,
		"b4": -0.03526116,
		"b5": 0.04196309,
		"b6": 0.04878763,
		"b7": 0.00109496,
		"b8": -0.00025562,
		"b9": -0.00028985,
		"b10": -0.00058937,
		"c1": 0.3122,
		"c2": 3.4321
	}
}